PurchaseHistoryId,ProductId,Quantity,PricePerQuantity,TimeOfTheDay
1,8,1,16864,13:02:06
1,5,1,19811,13:04:12
1,4,1,25649,13:06:06
1,3,1,15327,13:11:04
1,10,1,25049,13:30:07
1,8,1,16864,13:32:45
1,8,1,16864,13:56:47
2,4,1,25649,05:09:08
2,2,1,12642,05:27:37
2,14,1,10516,05:31:25
2,7,1,17587,05:31:30
2,5,1,19811,05:34:39
2,11,1,7947,05:42:39
2,1,1,320,05:45:13
2,4,1,25649,05:46:06
3,10,1,25049,23:01:11
3,5,1,19811,23:09:02
3,2,1,12642,23:13:23
3,3,1,15327,23:27:15
3,8,1,16864,23:31:53
3,7,1,17587,23:42:12
3,1,1,320,23:44:09
4,2,1,12642,04:06:57
4,13,1,16703,04:07:13
4,6,1,7436,04:27:37
4,9,1,3662,04:43:43
5,3,1,15327,14:07:28
6,1,1,320,09:03:25
6,5,1,19811,09:04:21
6,2,1,12642,09:13:47
6,11,1,7947,09:14:56
6,10,1,25049,09:18:46
6,5,1,19811,09:54:52
7,5,1,19811,09:01:49
7,8,1,16864,09:05:03
7,7,1,17587,09:07:41
7,8,1,16864,09:12:25
8,12,1,9206,04:17:15
8,6,1,7436,04:40:42
8,7,1,17587,04:41:41
9,13,1,16703,10:05:34
9,4,1,25649,10:13:46
9,8,1,16864,10:15:58
9,13,1,16703,10:32:02
9,2,1,12642,10:50:04
10,13,1,16703,21:12:46
10,8,1,16864,21:19:38
10,4,1,25649,21:39:29
10,1,1,320,21:51:41
11,9,1,3662,20:01:56
11,3,1,15327,20:02:50
11,3,1,15327,20:12:34
11,1,1,320,20:21:35
11,12,1,9206,20:22:38
11,12,1,9206,20:24:05
11,7,1,17587,20:28:33
11,11,1,7947,20:59:32
12,5,1,19811,02:57:22
13,13,1,16703,07:40:10
13,4,1,25649,07:43:44
13,9,1,3662,07:51:05
14,11,1,7947,04:55:20
15,2,1,12642,21:09:48
15,11,1,7947,21:11:15
15,5,1,19811,21:15:58
15,13,1,16703,21:35:54
15,4,1,25649,21:37:21
15,8,1,16864,21:43:31
15,1,1,320,21:56:43
16,11,1,7947,11:02:09
16,2,1,12642,11:17:49
16,6,1,7436,11:31:51
16,3,1,15327,11:41:17
17,9,1,3662,12:01:32
17,4,1,25649,12:20:31
17,6,1,7436,12:28:37
18,10,1,25049,02:32:12
18,3,1,15327,02:56:42
19,1,1,320,22:08:51
19,13,1,16703,22:18:17
19,7,1,17587,22:59:19
20,13,1,16703,01:37:06
20,1,1,320,01:48:15
21,7,1,17587,11:02:53
21,9,1,3662,11:28:26
21,12,1,9206,11:34:34
21,11,1,7947,11:51:31
22,4,1,25649,02:38:23
22,13,1,16703,02:46:13
22,12,1,9206,02:52:57
23,2,1,12642,09:29:32
23,13,1,16703,09:34:04
23,6,1,7436,09:51:44
23,5,1,19811,09:52:59
23,11,1,7947,09:55:37
24,12,1,9206,13:33:41
25,13,1,16703,02:17:59
25,5,1,19811,02:20:46
25,12,1,9206,02:38:53
26,4,1,25649,05:05:57
26,13,1,16703,05:06:38
26,4,1,25649,05:14:24
26,5,1,19811,05:29:06
26,2,1,12642,05:30:08
27,13,1,16703,06:45:39
27,11,1,7947,06:50:38
28,9,1,3662,03:04:05
29,2,1,12642,07:16:37
29,8,1,16864,07:36:01
29,1,1,320,07:44:58
29,6,1,7436,07:46:05
29,4,1,25649,07:46:41
30,8,1,16864,13:29:36
31,1,1,320,02:05:41
31,7,1,17587,02:14:13
31,5,1,19811,02:16:51
31,1,1,320,02:24:50
31,3,1,15327,02:45:48
31,8,1,16864,02:53:58
31,9,1,3662,02:58:01
32,3,1,15327,17:07:07
32,6,1,7436,17:17:53
32,6,1,7436,17:40:05
32,5,1,19811,17:59:24
33,7,1,17587,08:03:44
33,1,1,320,08:23:58
33,9,1,3662,08:27:31
33,1,1,320,08:46:20
33,11,1,7947,08:56:01
33,2,1,12642,08:59:36
34,11,1,7947,02:17:35
34,8,1,16864,02:35:22
34,13,1,16703,02:50:04
34,9,1,3662,02:50:45
34,13,1,16703,02:53:21
35,4,1,25649,06:08:25
36,3,1,15327,06:18:57
38,3,1,15327,22:03:41
38,12,1,9206,22:08:20
38,10,1,25049,22:12:10
38,9,1,3662,22:13:38
38,8,1,16864,22:21:02
38,7,1,17587,22:24:04
38,12,1,9206,22:28:29
38,6,1,7436,22:47:42
38,12,1,9206,22:55:28
39,8,1,16864,06:16:31
39,6,1,7436,06:24:24
39,9,1,3662,06:37:20
39,4,1,25649,06:39:38
39,3,1,15327,06:48:33
39,8,1,16864,06:53:07
40,9,1,3662,17:34:37
40,7,1,17587,17:48:38
41,11,1,7947,08:06:46
41,1,1,320,08:08:33
41,5,1,19811,08:39:32
41,9,1,3662,08:56:33
41,12,1,9206,08:57:14
42,4,1,25649,21:41:48
42,4,1,25649,21:47:38
42,12,1,9206,21:51:56
43,7,1,17587,02:06:14
43,13,1,16703,02:27:25
43,5,1,19811,02:28:21
43,12,1,9206,02:38:09
43,9,1,3662,02:41:44
44,10,1,25049,11:05:11
45,11,1,7947,21:01:11
45,4,1,25649,21:19:36
46,3,1,15327,22:37:31
47,12,1,9206,11:04:28
47,3,1,15327,11:25:08
47,12,1,9206,11:32:15
47,4,1,25649,11:39:07
47,11,1,7947,11:57:02
47,10,1,25049,11:58:27
48,10,1,25049,06:20:40
48,9,1,3662,06:37:52
48,5,1,19811,06:39:23
48,4,1,25649,06:46:58
48,3,1,15327,06:53:50
48,7,1,17587,06:53:52
48,4,1,25649,06:58:35
49,8,1,16864,15:04:32
49,6,1,7436,15:39:05
49,12,1,9206,15:43:58
50,10,1,25049,05:38:37
50,3,1,15327,05:38:57
50,4,1,25649,05:47:26
50,8,1,16864,05:47:54
50,9,1,3662,05:49:44
51,1,1,320,15:08:04
51,9,1,3662,15:42:30
52,4,1,25649,12:17:08
52,11,1,7947,12:25:48
52,6,1,7436,12:41:16
52,6,1,7436,12:42:42
52,10,1,25049,12:46:04
52,3,1,15327,12:50:25
53,12,1,9206,06:03:22
53,4,1,25649,06:04:07
53,7,1,17587,06:12:27
53,8,1,16864,06:14:46
53,7,1,17587,06:23:19
53,13,1,16703,06:26:12
53,9,1,3662,06:29:08
53,7,1,17587,06:36:46
54,9,1,3662,01:08:30
54,8,1,16864,01:19:58
54,4,1,25649,01:52:21
56,4,1,25649,05:10:48
56,4,1,25649,05:33:27
56,7,1,17587,05:52:32
57,9,1,3662,18:23:34
57,1,1,320,18:23:57
57,6,1,7436,18:30:08
57,7,1,17587,18:40:10
57,3,1,15327,18:43:13
57,5,1,19811,18:56:13
58,12,1,9206,12:08:28
58,5,1,19811,12:10:07
58,5,1,19811,12:39:20
58,5,1,19811,12:41:29
58,4,1,25649,12:46:49
58,3,1,15327,12:55:28
59,3,1,15327,07:28:12
59,11,1,7947,07:38:40
59,7,1,17587,07:40:36
59,9,1,3662,07:51:42
60,8,1,16864,07:14:38
60,4,1,25649,07:53:01
60,10,1,25049,07:59:42
61,3,1,15327,20:31:36
62,3,1,15327,23:02:37
62,12,1,9206,23:50:19
63,6,1,7436,12:54:04
64,1,1,320,18:30:01
65,7,1,17587,15:16:06
65,12,1,9206,15:37:33
66,13,1,16703,02:35:57
67,13,1,16703,17:55:40
68,3,1,15327,01:10:55
68,13,1,16703,01:28:51
68,8,1,16864,01:43:23
68,1,1,320,01:48:13
69,1,1,320,18:01:45
69,9,1,3662,18:03:48
69,1,1,320,18:04:10
69,1,1,320,18:10:16
69,4,1,25649,18:26:17
69,4,1,25649,18:31:09
69,9,1,3662,18:39:29
69,1,1,320,18:46:03
69,1,1,320,18:54:41
70,8,1,16864,02:09:17
70,1,1,320,02:15:16
70,13,1,16703,02:16:11
70,8,1,16864,02:23:49
70,13,1,16703,02:26:16
70,8,1,16864,02:57:45
71,8,1,16864,23:14:46
71,8,1,16864,23:24:20
71,7,1,17587,23:48:43
74,10,1,25049,20:36:52
74,9,1,3662,20:42:12
75,12,1,9206,03:03:02
75,10,1,25049,03:03:15
75,11,1,7947,03:53:55
76,3,1,15327,02:23:26
76,1,1,320,02:42:04
76,10,1,25049,02:48:26
77,9,1,3662,06:14:50
78,9,1,3662,11:01:47
78,9,1,3662,11:12:19
78,3,1,15327,11:16:49
78,7,1,17587,11:26:24
78,3,1,15327,11:41:57
78,1,1,320,11:52:02
79,4,1,25649,22:10:38
79,9,1,3662,22:13:42
79,13,1,16703,22:42:53
79,3,1,15327,22:54:35
80,7,1,17587,05:58:24
80,1,1,320,05:59:24
81,9,1,3662,02:43:34
81,4,1,25649,02:52:09
81,11,1,7947,02:54:52
81,3,1,15327,02:59:48
82,3,1,15327,03:38:20
83,4,1,25649,23:50:19
86,7,1,17587,19:06:42
86,1,1,320,19:06:56
86,10,1,25049,19:15:34
86,11,1,7947,19:20:58
86,7,1,17587,19:55:48
86,4,1,25649,19:57:01
89,9,1,3662,20:21:39
89,1,1,320,20:29:05
90,8,1,16864,01:51:54
91,7,1,17587,19:01:17
91,7,1,17587,19:30:58
91,7,1,17587,19:34:02
92,8,1,16864,21:17:11
92,7,1,17587,21:27:01
92,7,1,17587,21:31:52
93,7,1,17587,10:35:58
94,9,1,3662,01:43:38
95,8,1,16864,02:01:41
95,8,1,16864,02:27:01
95,10,1,25049,02:29:15
95,10,1,25049,02:34:14
95,13,1,16703,02:52:37
96,12,1,9206,01:20:27
97,9,1,3662,04:06:20
97,12,1,9206,04:07:29
97,1,1,320,04:09:36
97,3,1,15327,04:45:03
98,13,1,16703,21:35:03
98,1,1,320,21:35:46
99,8,1,16864,09:01:14
99,4,1,25649,09:01:59
99,12,1,9206,09:22:47
99,7,1,17587,09:27:30
99,1,1,320,09:44:14
100,8,1,16864,19:11:59
101,13,1,16703,08:49:36
102,9,1,3662,18:26:50
102,7,1,17587,18:34:53
102,8,1,16864,18:51:23
103,3,1,15327,12:25:36
103,3,1,15327,12:39:33
103,10,1,25049,12:44:20
103,13,1,16703,12:57:36
104,10,1,25049,13:45:54
104,13,1,16703,13:49:23
104,1,1,320,13:56:36
106,4,1,25649,07:42:39
107,3,1,15327,08:33:20
108,1,1,320,10:26:34
108,13,1,16703,10:36:44
108,1,1,320,10:56:23
110,9,1,3662,08:16:04
110,10,1,25049,08:36:06
110,10,1,25049,08:43:53
110,8,1,16864,08:44:06
110,7,1,17587,08:47:22
111,3,1,15327,15:21:55
111,12,1,9206,15:30:49
111,9,1,3662,15:59:24
112,8,1,16864,08:46:09
112,3,1,15327,08:54:41
113,3,1,15327,18:14:26
113,4,1,25649,18:42:26
115,9,1,3662,12:43:43
115,1,1,320,12:59:36
116,4,1,25649,12:03:11
116,8,1,16864,12:11:17
116,4,1,25649,12:18:12
116,7,1,17587,12:44:14
116,3,1,15327,12:49:59
117,13,1,16703,21:10:56
117,9,1,3662,21:15:43
117,1,1,320,21:33:20
117,9,1,3662,21:39:24
117,13,1,16703,21:49:11
118,9,1,3662,06:29:28
119,3,1,15327,13:55:32
121,10,1,25049,17:24:45
121,8,1,16864,17:25:42
121,8,1,16864,17:38:45
122,13,1,16703,16:20:05
122,4,1,25649,16:49:01
123,1,1,320,04:04:18
123,13,1,16703,04:12:39
123,3,1,15327,04:47:16
123,9,1,3662,04:48:27
124,9,1,3662,14:08:41
125,10,1,25049,03:09:37
125,4,1,25649,03:40:14
125,3,1,15327,03:56:21
126,4,1,25649,23:03:21
126,7,1,17587,23:25:47
126,12,1,9206,23:59:20
128,1,1,320,14:12:45
128,8,1,16864,14:17:57
128,3,1,15327,14:27:25
128,9,1,3662,14:28:39
128,4,1,25649,14:28:46
128,3,1,15327,14:41:43
129,1,1,320,02:26:52
129,9,1,3662,02:37:21
129,8,1,16864,02:52:46
129,1,1,320,02:53:33
129,12,1,9206,02:55:11
129,9,1,3662,02:55:13
129,7,1,17587,02:59:15
132,1,1,320,03:18:25
133,9,1,3662,04:02:44
133,9,1,3662,04:08:13
133,10,1,25049,04:13:01
134,8,1,16864,22:03:29
134,9,1,3662,22:39:49
134,13,1,16703,22:45:02
134,10,1,25049,22:45:15
137,4,1,25649,04:31:01
137,4,1,25649,04:38:11
137,7,1,17587,04:52:53
142,7,1,17587,03:05:51
143,7,1,17587,15:12:02
144,9,1,3662,12:04:57
144,4,1,25649,12:05:14
144,13,1,16703,12:23:31
144,4,1,25649,12:24:54
144,10,1,25049,12:35:30
144,10,1,25049,12:39:34
145,10,1,25049,07:06:52
145,10,1,25049,07:29:28
146,10,1,25049,03:04:12
146,7,1,17587,03:08:27
146,4,1,25649,03:27:17
146,9,1,3662,03:47:22
148,7,1,17587,18:48:52
149,10,1,25049,20:01:16
149,13,1,16703,20:32:13
149,4,1,25649,20:49:52
150,9,1,3662,21:07:37
150,4,1,25649,21:39:12
151,7,1,17587,19:33:39
152,10,1,25049,03:02:41
152,9,1,3662,03:04:10
153,13,1,16703,01:19:04
153,10,1,25049,01:35:50
154,4,1,25649,19:53:52
155,10,1,25049,14:06:45
155,9,1,3662,14:10:01
155,13,1,16703,14:16:42
156,9,1,3662,03:07:14
157,3,1,15327,02:56:01
158,9,1,3662,09:24:17
158,13,1,16703,09:33:53
158,4,1,25649,09:48:18
159,7,1,17587,13:31:12
160,4,1,25649,05:22:24
160,10,1,25049,05:31:09
162,7,1,17587,22:36:30
162,9,1,3662,22:40:44
163,10,1,25049,07:36:59
163,10,1,25049,07:47:22
163,3,1,15327,07:55:45
165,3,1,15327,07:40:41
166,10,1,25049,04:23:55
168,7,1,17587,23:27:27
169,7,1,17587,09:07:45
169,4,1,25649,09:08:46
169,9,1,3662,09:15:26
169,9,1,3662,09:16:17
169,9,1,3662,09:38:35
169,10,1,25049,09:49:18
170,10,1,25049,17:20:24
171,9,1,3662,14:58:14
172,7,1,17587,09:17:07
172,7,1,17587,09:18:45
172,13,1,16703,09:23:03
172,10,1,25049,09:24:13
173,3,1,15327,18:37:32
173,13,1,16703,18:44:30
174,10,1,25049,17:16:57
175,13,1,16703,06:10:20
175,9,1,3662,06:32:30
176,7,1,17587,01:10:37
182,13,1,16703,11:02:15
185,3,1,15327,09:15:30
185,9,1,3662,09:39:04
185,13,1,16703,09:39:21
187,4,1,25649,06:31:12
189,13,1,16703,06:31:44
189,10,1,25049,06:52:13
189,9,1,3662,06:53:56
189,9,1,3662,06:58:06
192,10,1,25049,13:13:16
193,3,1,15327,13:22:24
193,9,1,3662,13:36:52
194,3,1,15327,21:49:45
195,10,1,25049,19:04:19
195,10,1,25049,19:56:51
198,13,1,16703,03:02:56
198,10,1,25049,03:48:23
199,4,1,25649,20:36:06
200,13,1,16703,20:25:01
200,9,1,3662,20:55:19
202,9,1,3662,12:05:18
204,3,1,15327,19:21:47
204,3,1,15327,19:57:18
207,4,1,25649,23:33:07
207,4,1,25649,23:36:55
212,4,1,25649,04:52:49
213,9,1,3662,09:04:40
214,10,1,25049,09:12:29
214,9,1,3662,09:45:41
214,4,1,25649,09:45:43
215,9,1,3662,06:42:48
216,9,1,3662,04:30:35
217,4,1,25649,12:31:03
218,10,1,25049,07:06:24
220,4,1,25649,21:56:57
222,10,1,25049,12:16:40
224,9,1,3662,08:20:20
224,10,1,25049,08:22:27
224,9,1,3662,08:25:10
229,9,1,3662,01:54:08
230,10,1,25049,18:03:16
230,4,1,25649,18:43:55
232,9,1,3662,22:48:09
502,1,1,320,04:08:40
502,3,1,15327,04:13:57
502,2,1,12642,04:52:05
503,14,1,10516,22:01:41
503,5,1,19811,22:22:48
503,11,1,7947,22:25:59
503,6,1,7436,22:38:59
504,5,1,19811,04:01:01
504,2,1,12642,04:05:57
504,8,1,16864,04:21:34
504,12,1,9206,04:26:52
504,10,1,25049,04:27:15
504,13,1,16703,04:43:26
504,9,1,3662,04:45:32
505,14,1,10516,19:04:08
505,4,1,25649,19:10:43
505,8,1,16864,19:45:09
505,8,1,16864,19:46:37
506,7,1,17587,17:25:53
506,1,1,320,17:34:22
506,14,1,10516,17:52:46
507,8,1,16864,11:32:30
508,2,1,12642,04:02:53
508,3,1,15327,04:06:42
508,5,1,19811,04:09:24
508,4,1,25649,04:09:56
508,5,1,19811,04:12:31
508,11,1,7947,04:23:22
508,10,1,25049,04:25:02
508,7,1,17587,04:30:58
508,13,1,16703,04:40:15
508,8,1,16864,04:56:16
509,3,1,15327,07:01:07
509,7,1,17587,07:07:42
509,4,1,25649,07:21:26
510,13,1,16703,04:50:15
510,3,1,15327,02:47:36
510,12,1,9206,02:53:27
510,5,1,19811,02:55:47
510,3,1,15327,02:58:04
513,1,1,320,09:29:13
513,12,1,9206,09:55:23
514,3,1,15327,21:41:14
515,9,1,3662,02:20:10
515,12,1,9206,02:21:52
515,1,1,320,02:36:55
515,9,1,3662,02:43:48
515,10,1,25049,02:48:44
516,11,1,7947,16:02:32
516,8,1,16864,16:10:16
516,10,1,25049,16:21:35
516,9,1,3662,16:24:25
516,9,1,3662,16:28:17
516,10,1,25049,16:42:42
516,3,1,15327,16:50:32
517,4,1,25649,20:01:08
517,1,1,320,20:07:18
517,7,1,17587,20:12:26
519,12,1,9206,08:11:22
519,10,1,25049,08:28:06
519,2,1,12642,08:37:28
519,5,1,19811,08:43:40
519,8,1,16864,08:44:45
519,5,1,19811,08:47:27
520,6,1,7436,12:43:13
520,7,1,17587,12:46:35
520,10,1,25049,12:46:56
520,2,1,12642,12:56:36
521,5,1,19811,21:14:07
521,13,1,16703,21:23:22
521,9,1,3662,21:29:41
521,6,1,7436,21:31:15
521,7,1,17587,21:32:14
521,9,1,3662,21:33:34
521,2,1,12642,21:51:32
521,3,1,15327,21:52:45
522,5,1,19811,18:08:11
522,4,1,25649,18:11:49
522,8,1,16864,18:12:09
522,12,1,9206,18:15:40
522,4,1,25649,18:18:18
522,9,1,3662,18:22:17
522,1,1,320,18:37:05
522,8,1,16864,18:53:20
523,8,1,16864,02:12:38
523,12,1,9206,02:14:11
523,13,1,16703,02:32:43
523,12,1,9206,02:33:19
523,2,1,12642,02:43:27
523,7,1,17587,02:53:32
523,8,1,16864,02:55:45
523,13,1,16703,02:58:57
524,3,1,15327,02:04:07
524,3,1,15327,02:13:25
524,4,1,25649,02:50:30
524,10,1,25049,02:53:26
525,13,1,16703,02:58:57
525,8,1,16864,09:23:23
525,9,1,3662,09:26:05
525,4,1,25649,09:31:50
526,13,1,16703,11:25:56
527,1,1,320,03:01:22
527,4,1,25649,03:55:54
528,7,1,17587,14:03:32
528,5,1,19811,14:03:34
528,4,1,25649,14:40:16
528,5,1,19811,14:43:40
528,6,1,7436,14:50:30
528,9,1,3662,14:52:02
529,2,1,12642,16:06:44
529,1,1,320,16:14:50
529,11,1,7947,16:15:29
529,9,1,3662,16:16:26
529,1,1,320,16:37:35
529,7,1,17587,16:52:01
530,6,1,7436,10:45:45
531,9,1,3662,13:08:45
531,6,1,7436,13:59:25
532,10,1,25049,10:42:19
532,11,1,7947,10:57:28
533,9,1,3662,23:09:52
533,3,1,15327,23:14:57
533,10,1,25049,23:27:57
533,10,1,25049,23:29:12
533,7,1,17587,23:32:14
533,2,1,12642,23:37:41
533,7,1,17587,23:51:38
534,5,1,19811,19:03:56
534,4,1,25649,19:16:17
534,7,1,17587,19:17:17
534,11,1,7947,19:25:35
534,12,1,9206,19:31:42
534,9,1,3662,19:44:09
535,1,1,320,01:08:45
535,10,1,25049,01:18:44
535,9,1,3662,01:27:19
537,10,1,25049,18:02:02
537,1,1,320,18:27:45
537,8,1,16864,18:37:34
537,8,1,16864,18:40:18
537,3,1,15327,18:42:21
537,8,1,16864,18:51:30
537,3,1,15327,18:56:07
538,3,1,15327,05:43:15
538,6,1,7436,05:50:36
538,5,1,19811,05:58:31
539,10,1,25049,19:36:45
540,3,1,15327,12:02:02
540,3,1,15327,12:04:35
540,2,1,12642,12:14:13
540,9,1,3662,12:22:48
540,8,1,16864,12:35:27
540,8,1,16864,12:35:28
540,8,1,16864,12:42:55
540,13,1,16703,12:50:34
541,8,1,16864,19:12:14
541,7,1,17587,19:42:38
542,7,1,17587,15:59:53
543,5,1,19811,05:08:34
543,11,1,7947,05:11:05
543,12,1,9206,05:23:47
543,1,1,320,05:53:04
544,3,1,15327,20:27:37
544,10,1,25049,20:38:12
544,6,1,7436,20:53:03
546,4,1,25649,15:17:12
546,11,1,7947,15:39:59
546,7,1,17587,15:50:01
546,1,1,320,15:52:21
547,3,1,15327,10:01:24
547,11,1,7947,10:11:54
547,6,1,7436,10:48:35
548,12,1,9206,18:13:43
548,1,1,320,18:31:15
549,11,1,7947,03:22:44
549,1,1,320,03:23:34
549,4,1,25649,03:28:23
549,13,1,16703,03:28:32
549,13,1,16703,03:34:20
549,13,1,16703,03:41:38
550,6,1,7436,08:16:28
550,11,1,7947,08:17:29
550,9,1,3662,08:25:59
550,6,1,7436,08:28:44
551,12,1,9206,06:01:13
551,4,1,25649,06:17:36
551,9,1,3662,06:58:51
552,9,1,3662,12:49:13
553,13,1,16703,11:01:54
553,4,1,25649,11:04:18
553,7,1,17587,11:16:18
553,10,1,25049,11:29:56
553,1,1,320,11:35:02
554,1,1,320,02:29:02
555,7,1,17587,05:12:29
555,1,1,320,05:17:20
555,12,1,9206,05:34:35
555,13,1,16703,05:44:33
556,9,1,3662,05:12:10
557,13,1,16703,13:07:04
557,4,1,25649,13:38:25
558,3,1,15327,16:27:04
558,12,1,9206,16:48:13
558,1,1,320,16:49:01
559,8,1,16864,15:18:43
559,13,1,16703,15:30:58
559,7,1,17587,15:33:33
559,3,1,15327,15:37:32
559,7,1,17587,15:39:07
561,11,1,7947,13:26:51
561,4,1,25649,13:40:51
562,12,1,9206,04:08:34
562,9,1,3662,04:38:19
562,8,1,16864,04:58:33
563,13,1,16703,08:30:17
563,3,1,15327,08:40:09
563,9,1,3662,08:56:21
564,3,1,15327,13:12:20
564,9,1,3662,13:16:24
565,9,1,3662,19:30:12
566,13,1,16703,09:18:54
567,4,1,25649,03:05:07
567,11,1,7947,03:57:56
569,3,1,15327,12:13:09
569,3,1,15327,12:40:06
570,3,1,15327,08:38:05
571,1,1,320,01:12:09
571,12,1,9206,01:26:55
571,7,1,17587,01:35:31
572,13,1,16703,21:24:38
573,9,1,3662,04:03:05
573,13,1,16703,04:13:59
575,3,1,15327,06:43:55
576,9,1,3662,20:33:36
576,4,1,25649,20:50:28
577,12,1,9206,18:04:28
577,7,1,17587,18:15:34
577,1,1,320,18:35:24
577,1,1,320,18:38:32
577,10,1,25049,18:38:48
577,1,1,320,18:56:26
577,7,1,17587,18:56:30
580,9,1,3662,19:06:47
580,1,1,320,19:36:32
580,1,1,320,19:44:25
580,1,1,320,19:47:58
580,12,1,9206,19:59:34
581,8,1,16864,18:29:08
581,1,1,320,18:37:11
583,13,1,16703,01:34:24
583,4,1,25649,01:52:19
584,8,1,16864,13:10:45
585,4,1,25649,18:01:17
585,13,1,16703,18:08:29
585,11,1,7947,18:08:39
585,13,1,16703,18:12:02
585,3,1,15327,18:30:55
585,1,1,320,18:44:15
585,9,1,3662,18:45:21
586,3,1,15327,23:35:37
587,9,1,3662,18:05:38
587,4,1,25649,18:45:33
589,4,1,25649,20:33:15
590,8,1,16864,22:09:16
590,4,1,25649,22:13:56
590,13,1,16703,22:14:01
590,1,1,320,22:14:38
590,9,1,3662,22:30:13
590,9,1,3662,22:42:16
590,4,1,25649,22:52:09
591,1,1,320,06:29:11
591,1,1,320,06:40:36
591,12,1,9206,06:47:23
591,9,1,3662,06:51:51
592,8,1,16864,12:02:37
592,13,1,16703,12:05:58
592,10,1,25049,12:14:03
592,8,1,16864,12:23:13
592,1,1,320,12:37:54
592,13,1,16703,12:43:05
592,8,1,16864,12:49:24
593,1,1,320,04:27:41
593,12,1,9206,04:54:14
594,12,1,9206,11:11:43
594,13,1,16703,11:16:49
594,8,1,16864,11:20:02
594,10,1,25049,11:26:57
594,4,1,25649,11:30:29
594,8,1,16864,11:57:54
595,3,1,15327,23:17:27
595,8,1,16864,23:29:19
595,12,1,9206,23:54:56
597,3,1,15327,13:17:59
598,7,1,17587,19:24:12
598,10,1,25049,19:48:40
598,4,1,25649,19:52:20
599,8,1,16864,13:08:35
599,11,1,7947,13:30:35
599,9,1,3662,13:40:28
600,13,1,16703,17:32:29
600,4,1,25649,17:49:02
601,10,1,25049,13:18:36
601,1,1,320,13:21:11
602,9,1,3662,08:08:41
602,10,1,25049,08:12:16
602,13,1,16703,08:44:41
606,1,1,320,04:05:35
606,10,1,25049,04:39:26
607,10,1,25049,07:15:16
607,3,1,15327,07:22:34
607,7,1,17587,07:31:38
607,4,1,25649,07:42:56
607,8,1,16864,07:46:42
608,1,1,320,03:14:08
608,3,1,15327,03:17:32
608,13,1,16703,03:24:02
608,1,1,320,03:34:33
608,8,1,16864,03:57:28
609,7,1,17587,04:34:50
609,9,1,3662,04:45:26
611,10,1,25049,23:19:39
612,7,1,17587,18:03:59
612,11,1,7947,18:14:39
612,9,1,3662,18:55:15
612,7,1,17587,18:56:28
612,1,1,320,18:57:02
613,7,1,17587,12:09:45
613,4,1,25649,12:13:52
613,9,1,3662,12:19:44
614,1,1,320,05:06:54
614,4,1,25649,05:16:09
614,3,1,15327,05:39:19
614,8,1,16864,05:45:57
614,7,1,17587,05:47:57
615,3,1,15327,10:13:59
616,7,1,17587,04:11:51
617,4,1,25649,12:27:16
619,4,1,25649,22:57:10
620,3,1,15327,02:01:39
620,13,1,16703,02:24:18
620,10,1,25049,02:53:18
620,7,1,17587,02:55:43
621,1,1,320,21:15:48
621,9,1,3662,21:22:44
621,1,1,320,21:48:23
622,10,1,25049,13:33:08
623,10,1,25049,19:19:11
623,7,1,17587,19:40:13
623,9,1,3662,19:44:34
625,4,1,25649,18:01:21
625,9,1,3662,18:13:20
625,4,1,25649,18:34:13
625,8,1,16864,18:41:56
625,4,1,25649,18:55:57
625,1,1,320,18:56:56
627,9,1,3662,03:30:12
628,9,1,3662,08:12:31
628,4,1,25649,08:28:14
628,4,1,25649,08:44:15
628,10,1,25049,08:45:08
628,8,1,16864,08:46:08
628,3,1,15327,08:54:48
629,13,1,16703,20:05:50
629,8,1,16864,20:17:07
629,8,1,16864,20:45:23
631,3,1,15327,13:13:58
631,4,1,25649,13:19:37
631,1,1,320,13:26:58
631,7,1,17587,13:38:07
631,3,1,15327,13:41:10
632,1,1,320,13:41:40
632,1,1,320,13:46:21
632,3,1,15327,13:48:30
633,1,1,320,01:19:33
633,13,1,16703,01:46:05
634,1,1,320,08:20:42
634,4,1,25649,08:34:54
634,4,1,25649,08:44:26
636,3,1,15327,07:40:45
636,1,1,320,07:41:21
637,13,1,16703,04:01:13
637,9,1,3662,04:05:06
637,9,1,3662,04:09:33
637,4,1,25649,04:33:57
637,1,1,320,04:38:26
637,10,1,25049,04:57:35
638,8,1,16864,15:04:22
640,8,1,16864,03:46:15
641,9,1,3662,17:26:24
641,4,1,25649,17:52:09
643,10,1,25049,20:58:18
644,8,1,16864,08:14:38
645,4,1,25649,17:37:52
646,7,1,17587,02:18:30
647,13,1,16703,11:33:29
647,4,1,25649,11:38:53
648,8,1,16864,02:54:46
648,3,1,15327,02:56:34
649,7,1,17587,14:07:27
649,10,1,25049,14:44:38
649,9,1,3662,14:47:03
649,3,1,15327,14:57:42
650,8,1,16864,15:11:12
650,8,1,16864,15:54:57
651,9,1,3662,07:21:45
651,4,1,25649,07:44:31
651,7,1,17587,07:56:23
652,3,1,15327,08:11:48
652,10,1,25049,08:32:40
653,8,1,16864,21:31:42
653,10,1,25049,21:41:15
653,3,1,15327,21:44:20
654,7,1,17587,06:14:26
655,7,1,17587,20:04:43
656,10,1,25049,07:06:51
656,7,1,17587,07:14:12
657,13,1,16703,22:23:41
657,10,1,25049,22:29:43
657,13,1,16703,22:59:54
658,7,1,17587,19:41:22
658,9,1,3662,19:42:38
659,3,1,15327,06:16:59
659,3,1,15327,06:54:05
660,10,1,25049,07:39:21
661,10,1,25049,23:07:02
661,10,1,25049,23:29:30
662,10,1,25049,05:41:53
662,3,1,15327,05:48:54
664,9,1,3662,14:25:33
664,7,1,17587,14:34:38
665,13,1,16703,02:05:24
665,9,1,3662,02:31:08
665,7,1,17587,02:47:54
666,7,1,17587,10:11:13
668,10,1,25049,13:17:54
668,8,1,16864,13:26:34
669,8,1,16864,12:38:25
670,3,1,15327,18:19:49
670,3,1,15327,18:22:05
671,3,1,15327,09:15:13
672,7,1,17587,19:58:30
674,3,1,15327,12:11:57
675,9,1,3662,02:01:24
675,9,1,3662,02:23:22
676,7,1,17587,02:10:28
676,10,1,25049,02:29:52
677,10,1,25049,19:39:50
678,13,1,16703,01:31:41
679,3,1,15327,07:14:43
679,7,1,17587,07:18:52
679,3,1,15327,07:40:02
679,13,1,16703,07:55:35
680,10,1,25049,10:22:08
680,9,1,3662,10:33:22
680,7,1,17587,10:34:05
680,9,1,3662,10:45:42
681,3,1,15327,18:26:09
681,7,1,17587,18:35:25
681,10,1,25049,18:53:34
682,10,1,25049,22:12:06
682,7,1,17587,22:30:21
683,13,1,16703,14:12:14
683,7,1,17587,14:18:20
684,13,1,16703,19:50:12
686,10,1,25049,04:22:52
688,13,1,16703,20:11:33
688,10,1,25049,20:53:55
689,7,1,17587,08:14:54
689,7,1,17587,08:35:37
691,10,1,25049,19:41:48
691,7,1,17587,19:43:08
693,9,1,3662,20:29:27
694,10,1,25049,02:32:28
695,13,1,16703,13:01:55
695,13,1,16703,13:21:33
695,9,1,3662,13:46:18
696,10,1,25049,01:38:11
696,9,1,3662,01:48:29
698,9,1,3662,19:45:03
699,9,1,3662,08:32:41
702,10,1,25049,07:27:35
704,9,1,3662,08:14:37
704,13,1,16703,08:22:38
707,13,1,16703,21:24:51
709,10,1,25049,11:06:25
709,10,1,25049,11:21:03
709,9,1,3662,11:31:10
715,9,1,3662,18:13:33
720,9,1,3662,05:41:58
723,9,1,3662,04:40:48
727,10,1,25049,07:29:12
737,10,1,25049,10:12:13
749,10,1,25049,13:38:05
750,10,1,25049,13:02:29
752,10,1,25049,06:20:51
756,10,1,25049,16:24:18
756,10,1,25049,16:32:11
757,10,1,25049,18:29:42
1001,11,1,7947,17:06:31
1001,1,1,320,17:28:03
1001,10,1,25049,17:38:06
1001,14,1,10516,17:46:52
1001,8,1,16864,17:55:20
1002,6,1,7436,12:14:56
1002,12,1,9206,12:15:19
1002,1,1,320,12:16:42
1002,4,1,25649,12:40:18
1002,1,1,320,12:51:06
1003,6,1,7436,10:07:52
1003,8,1,16864,10:22:35
1003,4,1,25649,10:39:58
1004,14,1,10516,03:12:29
1004,2,1,12642,03:14:33
1004,10,1,25049,03:25:15
1004,4,1,25649,03:33:24
1004,13,1,16703,03:39:57
1004,14,1,10516,03:41:46
1005,10,1,25049,16:04:53
1005,10,1,25049,16:24:22
1005,9,1,3662,16:29:55
1005,4,1,25649,16:35:30
1005,1,1,320,16:42:35
1006,1,1,320,07:05:56
1006,5,1,19811,07:09:43
1006,7,1,17587,07:13:50
1006,4,1,25649,07:20:43
1006,9,1,3662,07:22:58
1006,9,1,3662,07:46:34
1007,11,1,7947,03:04:27
1007,7,1,17587,03:05:48
1007,7,1,17587,03:07:57
1007,1,1,320,03:26:45
1007,2,1,12642,03:31:03
1007,12,1,9206,03:41:13
1007,8,1,16864,03:56:57
1008,1,1,320,03:32:08
1008,6,1,7436,03:55:47
1009,7,1,17587,22:01:31
1009,8,1,16864,22:02:47
1009,5,1,19811,22:44:45
1010,7,1,17587,03:22:33
1010,1,1,320,03:24:17
1010,5,1,19811,03:25:54
1010,9,1,3662,03:59:41
1011,4,1,25649,16:04:49
1011,2,1,12642,16:28:21
1011,4,1,25649,16:28:45
1011,6,1,7436,16:29:46
1011,4,1,25649,16:47:53
1011,4,1,25649,16:55:18
1013,11,1,7947,17:43:38
1013,9,1,3662,17:43:49
1013,5,1,19811,17:45:49
1013,2,1,12642,17:46:14
1013,10,1,25049,17:59:47
1014,6,1,7436,17:04:02
1014,9,1,3662,17:16:34
1014,6,1,7436,17:38:02
1014,11,1,7947,17:41:49
1014,9,1,3662,17:48:52
1014,11,1,7947,17:55:47
1015,4,1,25649,19:59:40
1016,10,1,25049,12:07:33
1016,5,1,19811,12:39:39
1017,12,1,9206,23:41:51
1017,7,1,17587,23:56:44
1018,8,1,16864,16:02:31
1018,5,1,19811,16:37:02
1019,3,1,15327,13:13:45
1019,12,1,9206,13:34:12
1019,2,1,12642,13:41:46
1019,8,1,16864,13:42:18
1020,1,1,320,12:12:15
1020,4,1,25649,12:25:38
1020,3,1,15327,12:44:48
1020,8,1,16864,12:49:53
1021,8,1,16864,15:34:26
1022,13,1,16703,07:56:32
1024,7,1,17587,12:24:53
1024,1,1,320,12:26:50
1024,5,1,19811,12:37:55
1024,10,1,25049,12:48:33
1024,2,1,12642,12:50:29
1024,3,1,15327,12:52:11
1025,4,1,25649,21:04:17
1025,2,1,12642,21:50:26
1026,5,1,19811,22:07:34
1026,1,1,320,22:48:06
1027,12,1,9206,16:37:20
1028,11,1,7947,07:57:36
1029,4,1,25649,20:55:02
1030,2,1,12642,08:15:44
1030,11,1,7947,08:32:21
1030,1,1,320,08:54:50
1032,13,1,16703,02:08:37
1032,1,1,320,02:12:19
1032,10,1,25049,02:17:11
1032,1,1,320,02:18:26
1032,1,1,320,02:26:13
1032,3,1,15327,02:29:15
1032,1,1,320,02:50:17
1033,6,1,7436,11:47:12
1035,11,1,7947,13:06:32
1036,8,1,16864,17:06:10
1036,6,1,7436,17:49:37
1036,12,1,9206,17:49:41
1036,3,1,15327,17:57:11
1037,13,1,16703,21:14:25
1037,1,1,320,21:16:03
1037,8,1,16864,21:19:46
1037,10,1,25049,21:23:26
1037,6,1,7436,21:27:49
1037,1,1,320,21:31:43
1037,7,1,17587,21:31:49
1037,6,1,7436,21:38:57
1037,10,1,25049,21:41:04
1038,8,1,16864,08:04:50
1038,7,1,17587,08:18:55
1038,13,1,16703,08:22:40
1038,5,1,19811,08:26:55
1038,9,1,3662,08:49:26
1039,4,1,25649,10:16:56
1039,1,1,320,10:36:11
1039,9,1,3662,10:37:30
1039,7,1,17587,10:48:42
1040,10,1,25049,21:18:25
1041,5,1,19811,08:07:39
1041,6,1,7436,08:15:02
1041,8,1,16864,08:57:49
1041,6,1,7436,08:57:51
1042,2,1,12642,15:22:09
1042,3,1,15327,15:24:45
1042,3,1,15327,15:38:50
1044,3,1,15327,09:20:16
1044,6,1,7436,09:20:30
1044,4,1,25649,09:30:49
1044,13,1,16703,09:46:36
1044,5,1,19811,09:56:39
1045,12,1,9206,07:47:05
1045,10,1,25049,07:52:31
1045,12,1,9206,07:52:53
1046,13,1,16703,20:39:35
1046,6,1,7436,20:43:35
1046,10,1,25049,20:58:45
1047,10,1,25049,01:01:49
1047,12,1,9206,01:19:29
1047,2,1,12642,01:28:22
1047,3,1,15327,01:47:06
1047,6,1,7436,01:51:01
1048,13,1,16703,15:01:53
1048,6,1,7436,15:17:49
1048,1,1,320,15:46:42
1048,4,1,25649,15:47:43
1048,7,1,17587,15:51:46
1048,8,1,16864,15:56:09
1050,8,1,16864,19:18:27
1050,6,1,7436,19:51:34
1052,11,1,7947,12:51:02
1052,1,1,320,12:54:17
1053,7,1,17587,04:27:53
1053,3,1,15327,04:34:06
1055,2,1,12642,07:21:16
1055,9,1,3662,07:27:15
1056,13,1,16703,16:04:22
1056,7,1,17587,16:04:40
1056,12,1,9206,16:07:56
1056,4,1,25649,16:11:49
1056,12,1,9206,16:24:53
1056,11,1,7947,16:31:39
1056,12,1,9206,16:32:59
1056,13,1,16703,16:41:43
1056,4,1,25649,16:48:06
1057,4,1,25649,05:16:04
1058,4,1,25649,16:08:01
1058,7,1,17587,16:09:49
1058,3,1,15327,16:16:43
1058,12,1,9206,16:30:54
1058,4,1,25649,16:37:06
1058,3,1,15327,16:54:53
1058,9,1,3662,16:56:07
1059,7,1,17587,03:24:19
1059,13,1,16703,03:29:59
1059,7,1,17587,03:35:29
1059,10,1,25049,03:42:57
1059,10,1,25049,03:44:37
1061,12,1,9206,02:13:11
1061,11,1,7947,02:18:41
1061,1,1,320,02:53:40
1062,1,1,320,14:46:01
1063,3,1,15327,23:34:33
1063,8,1,16864,23:38:28
1063,10,1,25049,23:44:12
1063,8,1,16864,23:56:53
1064,1,1,320,01:17:34
1065,4,1,25649,05:19:42
1065,7,1,17587,05:46:53
1066,7,1,17587,03:46:39
1067,3,1,15327,10:28:05
1067,13,1,16703,10:32:37
1067,1,1,320,10:55:01
1068,7,1,17587,21:28:05
1068,9,1,3662,21:47:45
1068,8,1,16864,21:55:25
1071,8,1,16864,02:04:25
1071,7,1,17587,02:15:26
1071,12,1,9206,02:20:08
1071,7,1,17587,02:49:07
1071,12,1,9206,02:50:24
1072,3,1,15327,15:16:26
1072,10,1,25049,15:28:11
1072,10,1,25049,15:29:50
1072,3,1,15327,15:32:55
1072,9,1,3662,15:33:17
1072,11,1,7947,15:40:12
1072,10,1,25049,15:41:37
1072,11,1,7947,15:57:17
1074,10,1,25049,04:04:46
1075,11,1,7947,07:27:40
1075,3,1,15327,07:50:56
1075,13,1,16703,07:50:58
1076,3,1,15327,04:02:43
1076,8,1,16864,04:20:54
1076,8,1,16864,04:29:47
1076,1,1,320,04:53:09
1076,4,1,25649,04:53:15
1077,12,1,9206,03:31:28
1077,9,1,3662,03:56:38
1078,12,1,9206,17:17:14
1078,11,1,7947,17:25:40
1078,1,1,320,17:34:12
1078,4,1,25649,17:38:34
1081,11,1,7947,21:13:10
1081,13,1,16703,21:34:33
1081,8,1,16864,21:44:10
1084,7,1,17587,13:58:29
1085,12,1,9206,10:20:21
1085,3,1,15327,10:36:48
1085,13,1,16703,10:39:54
1085,3,1,15327,10:43:48
1085,10,1,25049,10:44:55
1085,12,1,9206,10:46:46
1085,8,1,16864,10:48:12
1085,9,1,3662,10:52:17
1086,4,1,25649,01:17:30
1086,1,1,320,01:26:57
1086,4,1,25649,01:30:31
1086,11,1,7947,01:32:02
1086,12,1,9206,01:46:22
1086,3,1,15327,01:59:25
1087,11,1,7947,06:24:19
1088,4,1,25649,22:22:07
1088,12,1,9206,22:22:30
1088,9,1,3662,22:23:19
1088,9,1,3662,22:49:18
1088,9,1,3662,22:53:47
1088,4,1,25649,22:56:04
1090,7,1,17587,04:02:23
1090,9,1,3662,04:15:12
1090,10,1,25049,04:35:53
1090,13,1,16703,04:49:36
1090,1,1,320,04:59:22
1091,3,1,15327,11:01:39
1091,7,1,17587,11:36:23
1091,9,1,3662,11:38:17
1091,12,1,9206,11:40:16
1092,1,1,320,14:13:14
1092,3,1,15327,14:33:59
1092,4,1,25649,14:34:30
1092,9,1,3662,14:37:13
1093,1,1,320,16:17:58
1093,12,1,9206,16:35:46
1094,8,1,16864,19:01:06
1094,3,1,15327,19:44:55
1094,13,1,16703,19:52:57
1094,7,1,17587,19:58:56
1095,8,1,16864,10:16:52
1098,1,1,320,18:17:10
1100,8,1,16864,21:15:10
1100,3,1,15327,21:24:04
1100,9,1,3662,21:31:14
1101,1,1,320,18:22:49
1101,3,1,15327,18:46:27
1101,1,1,320,18:48:24
1101,3,1,15327,18:55:22
1102,9,1,3662,07:44:47
1103,9,1,3662,03:06:37
1103,8,1,16864,03:34:25
1104,12,1,9206,03:19:20
1104,8,1,16864,03:53:02
1105,10,1,25049,13:22:48
1105,3,1,15327,13:25:45
1105,1,1,320,13:56:58
1107,10,1,25049,18:17:30
1108,4,1,25649,22:07:11
1110,7,1,17587,21:17:28
1111,7,1,17587,05:30:42
1111,13,1,16703,05:42:31
1112,3,1,15327,01:17:01
1112,7,1,17587,01:29:39
1112,9,1,3662,01:51:09
1113,9,1,3662,09:09:10
1113,10,1,25049,09:35:03
1113,8,1,16864,09:53:21
1113,1,1,320,09:59:06
1115,4,1,25649,01:12:47
1115,9,1,3662,01:23:11
1115,8,1,16864,01:40:34
1116,4,1,25649,20:31:03
1116,9,1,3662,20:35:03
1116,13,1,16703,20:51:46
1117,1,1,320,17:05:21
1117,8,1,16864,17:07:20
1117,3,1,15327,17:35:22
1117,9,1,3662,17:53:24
1118,9,1,3662,09:04:03
1118,9,1,3662,09:50:39
1118,7,1,17587,09:53:29
1118,10,1,25049,09:54:55
1118,1,1,320,09:58:55
1119,3,1,15327,03:13:48
1119,8,1,16864,03:46:21
1119,10,1,25049,03:59:54
1120,8,1,16864,07:13:40
1120,7,1,17587,07:29:10
1121,7,1,17587,08:54:05
1121,10,1,25049,08:54:48
1122,4,1,25649,20:02:44
1122,3,1,15327,20:15:17
1122,13,1,16703,20:27:42
1123,1,1,320,19:24:45
1123,10,1,25049,19:30:03
1123,8,1,16864,19:34:06
1124,1,1,320,18:20:28
1124,9,1,3662,18:53:57
1126,8,1,16864,12:10:45
1126,7,1,17587,12:17:28
1128,9,1,3662,10:06:46
1128,4,1,25649,10:24:03
1128,13,1,16703,10:38:27
1130,10,1,25049,10:38:44
1131,8,1,16864,02:15:34
1131,8,1,16864,02:42:57
1132,7,1,17587,19:16:29
1132,7,1,17587,19:56:17
1133,4,1,25649,02:10:27
1133,9,1,3662,02:45:46
1134,8,1,16864,05:38:07
1135,1,1,320,18:11:24
1135,4,1,25649,18:17:53
1135,8,1,16864,18:33:13
1136,9,1,3662,07:02:38
1136,3,1,15327,07:07:49
1138,1,1,320,14:40:51
1140,13,1,16703,05:48:38
1141,7,1,17587,05:04:44
1141,1,1,320,05:11:06
1141,7,1,17587,05:20:37
1141,8,1,16864,05:25:46
1142,8,1,16864,20:29:36
1143,9,1,3662,11:11:31
1143,13,1,16703,11:24:33
1143,4,1,25649,11:29:36
1143,9,1,3662,11:57:46
1144,9,1,3662,13:33:03
1145,3,1,15327,09:05:13
1145,3,1,15327,09:44:01
1145,8,1,16864,09:45:15
1147,4,1,25649,04:11:52
1148,8,1,16864,17:27:40
1149,4,1,25649,06:34:40
1149,9,1,3662,06:55:46
1150,8,1,16864,16:06:36
1150,9,1,3662,16:07:12
1150,8,1,16864,16:12:48
1150,8,1,16864,16:31:43
1151,9,1,3662,05:26:32
1151,8,1,16864,05:45:24
1151,1,1,320,05:53:01
1151,8,1,16864,05:53:22
1151,7,1,17587,05:57:47
1153,10,1,25049,15:11:31
1153,8,1,16864,15:13:54
1153,13,1,16703,15:32:27
1153,13,1,16703,15:37:29
1153,1,1,320,15:58:05
1154,8,1,16864,09:25:20
1154,13,1,16703,09:30:42
1154,4,1,25649,09:53:02
1155,7,1,17587,02:18:51
1155,8,1,16864,02:48:07
1156,7,1,17587,17:15:37
1156,7,1,17587,17:23:18
1156,9,1,3662,17:26:22
1156,3,1,15327,17:35:35
1159,9,1,3662,22:05:53
1159,13,1,16703,22:40:37
1161,3,1,15327,08:42:50
1161,8,1,16864,08:45:27
1163,10,1,25049,01:59:54
1164,7,1,17587,09:11:23
1164,3,1,15327,09:34:12
1164,8,1,16864,09:35:52
1164,10,1,25049,09:40:31
1164,9,1,3662,09:45:18
1165,7,1,17587,11:32:50
1166,7,1,17587,10:43:59
1167,4,1,25649,11:05:08
1167,7,1,17587,11:39:24
1167,4,1,25649,11:42:26
1168,7,1,17587,03:12:55
1169,10,1,25049,03:56:07
1170,13,1,16703,03:10:48
1170,13,1,16703,03:23:46
1170,13,1,16703,03:36:51
1172,7,1,17587,20:11:24
1172,10,1,25049,20:16:40
1172,9,1,3662,20:27:06
1172,9,1,3662,20:48:36
1172,3,1,15327,20:50:14
1172,9,1,3662,20:52:48
1174,7,1,17587,05:01:02
1174,4,1,25649,05:01:24
1175,3,1,15327,23:13:12
1175,13,1,16703,23:25:20
1175,4,1,25649,23:27:57
1175,9,1,3662,23:33:31
1175,4,1,25649,23:33:37
1179,10,1,25049,21:24:44
1179,3,1,15327,21:29:53
1179,9,1,3662,21:31:31
1179,4,1,25649,21:45:01
1181,10,1,25049,10:33:09
1181,10,1,25049,10:46:07
1183,13,1,16703,23:22:49
1183,4,1,25649,23:36:09
1184,9,1,3662,16:44:29
1186,3,1,15327,02:55:20
1187,13,1,16703,09:20:07
1187,9,1,3662,09:28:05
1187,4,1,25649,09:59:32
1188,9,1,3662,22:07:01
1188,13,1,16703,22:47:56
1189,9,1,3662,16:31:34
1192,10,1,25049,03:05:35
1193,9,1,3662,16:11:39
1193,3,1,15327,16:22:15
1193,4,1,25649,16:45:42
1193,4,1,25649,16:49:31
1194,13,1,16703,08:27:58
1194,9,1,3662,08:38:30
1195,13,1,16703,23:25:19
1196,13,1,16703,13:29:51
1196,3,1,15327,13:46:31
1198,9,1,3662,06:29:08
1199,4,1,25649,11:18:19
1199,13,1,16703,11:38:07
1199,4,1,25649,11:41:54
1200,10,1,25049,12:02:35
1201,4,1,25649,14:17:20
1201,9,1,3662,14:42:57
1203,9,1,3662,15:52:14
1204,13,1,16703,08:23:26
1204,3,1,15327,08:41:49
1205,10,1,25049,01:02:29
1205,4,1,25649,01:10:48
1205,3,1,15327,01:33:58
1206,3,1,15327,07:06:21
1206,3,1,15327,07:18:28
1206,13,1,16703,07:30:14
1206,13,1,16703,07:59:04
1207,10,1,25049,12:34:09
1209,9,1,3662,05:35:05
1209,3,1,15327,05:59:33
1210,3,1,15327,03:59:20
1211,10,1,25049,09:01:06
1211,10,1,25049,09:07:59
1212,10,1,25049,17:11:33
1213,3,1,15327,01:36:46
1215,10,1,25049,03:10:37
1215,13,1,16703,03:34:02
1217,13,1,16703,02:11:26
1219,10,1,25049,20:24:21
1220,10,1,25049,03:41:16
1220,10,1,25049,03:55:34
1221,10,1,25049,04:43:55
1225,10,1,25049,16:54:40
1226,10,1,25049,19:10:51
1227,10,1,25049,05:25:46
1228,10,1,25049,17:09:14
1229,13,1,16703,12:07:08
1229,13,1,16703,12:17:59
1229,13,1,16703,12:26:47
1233,10,1,25049,13:49:23
1239,13,1,16703,23:07:10
1239,10,1,25049,23:49:57
1245,10,1,25049,19:52:09
1501,4,1,25649,22:16:14
1501,14,1,10516,22:32:22
1501,1,1,320,22:56:32
1503,10,1,25049,13:15:35
1504,5,1,19811,20:17:17
1504,10,1,25049,20:54:43
1504,2,1,12642,20:55:19
1504,5,1,19811,20:55:34
1504,8,1,16864,20:58:29
1506,1,1,320,03:27:42
1506,2,1,12642,03:44:22
1506,11,1,7947,03:49:25
1508,11,1,7947,11:10:19
1508,5,1,19811,11:17:34
1509,1,1,320,08:27:55
1510,10,1,25049,06:01:44
1510,5,1,19811,06:05:50
1510,2,1,12642,06:16:29
1510,8,1,16864,06:25:53
1510,7,1,17587,06:26:46
1511,7,1,17587,23:27:09
1511,14,1,10516,23:34:46
1512,7,1,17587,22:27:05
1512,9,1,3662,22:30:46
1512,7,1,17587,22:31:25
1512,6,1,7436,22:35:27
1512,2,1,12642,22:40:49
1512,8,1,16864,22:42:13
1512,14,1,10516,22:55:08
1513,9,1,3662,11:14:42
1513,4,1,25649,11:22:53
1514,3,1,15327,21:21:12
1514,4,1,25649,21:21:25
1514,11,1,7947,21:25:45
1515,3,1,15327,01:16:23
1515,10,1,25049,01:17:56
1515,7,1,17587,01:19:35
1515,10,1,25049,01:25:21
1515,5,1,19811,01:36:33
1515,7,1,17587,01:38:59
1516,4,1,25649,09:26:21
1517,8,1,16864,20:02:50
1517,10,1,25049,20:04:30
1517,3,1,15327,20:09:51
1517,12,1,9206,20:11:30
1517,9,1,3662,20:21:22
1517,9,1,3662,20:31:58
1519,9,1,3662,02:08:43
1519,8,1,16864,02:15:33
1519,12,1,9206,02:23:17
1519,3,1,15327,02:32:54
1519,1,1,320,02:43:55
1520,12,1,9206,07:44:06
1520,1,1,320,07:52:47
1521,5,1,19811,18:10:55
1521,5,1,19811,18:44:37
1522,1,1,320,20:56:39
1523,12,1,9206,17:07:01
1523,11,1,7947,17:13:52
1523,7,1,17587,17:47:08
1523,2,1,12642,17:55:07
1523,11,1,7947,17:56:53
1524,5,1,19811,07:29:13
1525,11,1,7947,13:27:14
1526,3,1,15327,02:20:33
1526,6,1,7436,02:39:38
1526,9,1,3662,02:52:15
1526,9,1,3662,02:56:35
1527,3,1,15327,15:02:10
1527,12,1,9206,15:47:20
1527,10,1,25049,15:53:39
1529,4,1,25649,03:01:33
1529,2,1,12642,03:08:15
1529,1,1,320,03:13:19
1530,12,1,9206,03:42:18
1531,8,1,16864,08:04:29
1531,3,1,15327,08:09:19
1531,10,1,25049,08:14:56
1531,6,1,7436,08:21:42
1531,12,1,9206,08:38:03
1531,5,1,19811,08:56:31
1532,12,1,9206,02:03:28
1532,2,1,12642,02:12:14
1532,10,1,25049,02:14:04
1532,4,1,25649,02:59:40
1533,11,1,7947,18:19:10
1533,8,1,16864,18:24:37
1533,6,1,7436,18:32:49
1533,2,1,12642,18:54:08
1534,2,1,12642,08:06:58
1534,4,1,25649,08:11:32
1534,6,1,7436,08:37:02
1534,1,1,320,08:51:52
1535,9,1,3662,08:14:44
1535,10,1,25049,08:25:53
1535,2,1,12642,08:26:53
1535,11,1,7947,08:44:35
1535,1,1,320,08:45:11
1535,2,1,12642,08:46:57
1536,1,1,320,21:11:58
1536,4,1,25649,21:35:31
1536,5,1,19811,21:41:39
1536,1,1,320,21:48:33
1536,11,1,7947,21:54:34
1537,9,1,3662,12:21:27
1537,10,1,25049,12:23:59
1537,9,1,3662,12:58:19
1538,12,1,9206,06:40:26
1538,6,1,7436,06:43:10
1539,4,1,25649,07:21:25
1539,7,1,17587,07:31:09
1539,7,1,17587,07:32:19
1540,11,1,7947,20:34:51
1541,6,1,7436,19:01:53
1543,1,1,320,08:29:08
1544,11,1,7947,12:21:02
1544,9,1,3662,12:29:16
1545,7,1,17587,15:02:03
1545,7,1,17587,15:33:23
1545,11,1,7947,15:48:56
1545,6,1,7436,15:53:09
1546,6,1,7436,22:47:05
1547,7,1,17587,03:09:33
1547,12,1,9206,03:11:17
1547,1,1,320,03:35:25
1547,11,1,7947,03:40:55
1547,12,1,9206,03:55:30
1548,11,1,7947,08:19:38
1548,1,1,320,08:27:51
1548,12,1,9206,08:40:02
1548,6,1,7436,08:44:03
1548,3,1,15327,08:59:21
1549,9,1,3662,22:47:12
1550,9,1,3662,01:05:09
1550,1,1,320,01:19:19
1550,8,1,16864,01:42:20
1551,9,1,3662,08:36:55
1551,6,1,7436,08:41:22
1551,5,1,19811,08:53:04
1552,5,1,19811,03:04:39
1552,7,1,17587,03:13:31
1552,8,1,16864,03:22:20
1552,7,1,17587,03:24:32
1552,6,1,7436,03:38:46
1553,11,1,7947,03:10:43
1553,3,1,15327,03:13:24
1553,6,1,7436,03:27:11
1554,7,1,17587,21:17:16
1555,6,1,7436,14:22:28
1555,6,1,7436,14:44:12
1555,10,1,25049,14:49:32
1556,10,1,25049,02:23:09
1557,9,1,3662,04:04:46
1557,4,1,25649,04:06:03
1557,9,1,3662,04:06:09
1557,1,1,320,04:06:36
1557,1,1,320,04:19:13
1557,10,1,25049,04:25:33
1557,8,1,16864,04:26:35
1557,1,1,320,04:31:05
1558,12,1,9206,23:13:14
1558,6,1,7436,23:25:57
1558,8,1,16864,23:28:25
1558,5,1,19811,23:38:47
1558,7,1,17587,23:47:57
1558,6,1,7436,23:51:48
1561,8,1,16864,17:32:10
1561,8,1,16864,17:37:02
1561,1,1,320,17:48:48
1561,4,1,25649,17:57:29
1562,8,1,16864,11:01:09
1562,12,1,9206,11:27:10
1563,7,1,17587,16:22:23
1563,4,1,25649,16:52:05
1565,9,1,3662,18:24:42
1565,1,1,320,18:59:28
1566,5,1,19811,22:05:33
1566,5,1,19811,22:11:13
1566,9,1,3662,22:12:17
1567,7,1,17587,14:44:13
1567,11,1,7947,14:51:12
1567,3,1,15327,14:55:48
1567,11,1,7947,14:58:21
1568,9,1,3662,15:48:41
1569,9,1,3662,14:18:05
1569,12,1,9206,14:26:50
1569,10,1,25049,14:29:52
1570,3,1,15327,09:03:46
1570,10,1,25049,09:30:20
1571,12,1,9206,06:22:16
1571,10,1,25049,06:34:54
1571,8,1,16864,06:45:35
1571,10,1,25049,06:54:16
1572,7,1,17587,04:45:59
1573,7,1,17587,18:07:51
1573,11,1,7947,18:48:34
1573,10,1,25049,18:55:28
1574,9,1,3662,08:25:10
1574,12,1,9206,08:46:33
1574,12,1,9206,08:51:41
1575,4,1,25649,04:32:52
1575,1,1,320,04:48:54
1576,7,1,17587,17:06:40
1576,12,1,9206,17:08:56
1576,12,1,9206,17:35:38
1577,4,1,25649,02:44:54
1579,1,1,320,19:18:49
1580,7,1,17587,02:11:14
1581,7,1,17587,08:24:33
1582,1,1,320,06:44:41
1582,1,1,320,06:48:01
1583,8,1,16864,17:59:38
1584,3,1,15327,04:54:30
1584,10,1,25049,04:58:22
1585,9,1,3662,17:10:50
1585,12,1,9206,17:13:35
1585,1,1,320,17:21:54
1585,4,1,25649,17:29:22
1585,11,1,7947,17:29:49
1586,7,1,17587,08:22:16
1586,11,1,7947,08:37:11
1586,8,1,16864,08:43:02
1586,9,1,3662,08:47:08
1587,12,1,9206,02:21:46
1587,1,1,320,02:55:35
1587,1,1,320,02:57:02
1588,7,1,17587,17:06:04
1588,1,1,320,17:07:45
1588,9,1,3662,17:10:54
1588,4,1,25649,17:24:01
1588,11,1,7947,17:25:40
1589,11,1,7947,06:22:35
1589,11,1,7947,06:41:11
1590,9,1,3662,22:03:04
1591,1,1,320,21:05:06
1591,9,1,3662,21:05:47
1592,11,1,7947,18:10:55
1592,12,1,9206,18:26:20
1593,3,1,15327,09:24:04
1593,1,1,320,09:41:27
1594,1,1,320,13:31:24
1595,10,1,25049,11:07:35
1595,11,1,7947,11:32:32
1595,9,1,3662,11:40:07
1596,8,1,16864,23:32:48
1597,8,1,16864,01:18:35
1597,10,1,25049,01:33:26
1597,10,1,25049,01:35:25
1597,1,1,320,01:37:30
1597,1,1,320,01:55:34
1599,1,1,320,23:19:56
1600,12,1,9206,14:18:32
1600,7,1,17587,14:19:38
1600,8,1,16864,14:20:26
1600,12,1,9206,14:25:25
1600,7,1,17587,14:31:42
1600,3,1,15327,14:46:06
1600,4,1,25649,14:53:56
1601,12,1,9206,19:38:35
1602,1,1,320,09:25:50
1602,11,1,7947,09:32:16
1602,12,1,9206,09:32:44
1603,7,1,17587,12:03:31
1603,11,1,7947,12:12:19
1603,9,1,3662,12:19:24
1603,8,1,16864,12:23:05
1603,1,1,320,12:23:19
1603,3,1,15327,12:30:29
1603,1,1,320,12:32:59
1603,3,1,15327,12:51:12
1604,8,1,16864,09:15:14
1604,10,1,25049,09:18:17
1605,9,1,3662,15:06:43
1605,10,1,25049,15:08:25
1605,10,1,25049,15:12:03
1605,9,1,3662,15:22:21
1606,10,1,25049,04:19:06
1606,1,1,320,04:21:21
1606,1,1,320,04:48:06
1611,7,1,17587,14:11:09
1612,9,1,3662,16:16:07
1613,4,1,25649,13:10:44
1613,10,1,25049,13:39:17
1614,4,1,25649,11:27:19
1614,9,1,3662,11:32:23
1614,10,1,25049,11:34:06
1615,7,1,17587,05:02:50
1615,8,1,16864,05:12:19
1615,9,1,3662,05:15:37
1615,3,1,15327,05:37:05
1615,4,1,25649,05:49:54
1616,8,1,16864,23:39:57
1618,12,1,9206,12:20:58
1618,7,1,17587,12:43:30
1619,3,1,15327,02:05:53
1619,7,1,17587,02:10:57
1619,9,1,3662,02:39:31
1619,3,1,15327,02:43:23
1620,10,1,25049,12:13:43
1620,10,1,25049,12:40:16
1620,12,1,9206,12:42:45
1621,3,1,15327,19:06:33
1621,9,1,3662,19:18:40
1621,12,1,9206,19:33:35
1621,8,1,16864,19:48:59
1621,3,1,15327,19:54:44
1622,1,1,320,03:14:09
1622,7,1,17587,03:33:28
1622,8,1,16864,03:54:58
1623,3,1,15327,17:31:43
1623,12,1,9206,17:46:33
1623,1,1,320,17:56:21
1625,1,1,320,23:02:24
1625,3,1,15327,23:04:16
1625,3,1,15327,23:20:09
1625,12,1,9206,23:45:17
1626,8,1,16864,13:16:38
1626,8,1,16864,13:18:48
1626,10,1,25049,13:43:59
1626,8,1,16864,13:50:10
1626,1,1,320,13:55:09
1627,4,1,25649,21:03:50
1627,8,1,16864,21:29:39
1628,8,1,16864,12:19:28
1629,7,1,17587,15:02:19
1630,8,1,16864,06:40:08
1631,7,1,17587,10:14:53
1631,1,1,320,10:21:48
1631,8,1,16864,10:31:04
1631,4,1,25649,10:42:21
1631,9,1,3662,10:51:20
1631,3,1,15327,10:52:16
1632,8,1,16864,03:19:27
1633,4,1,25649,16:09:56
1633,1,1,320,16:20:42
1634,1,1,320,16:19:29
1634,1,1,320,16:47:30
1635,9,1,3662,22:23:52
1637,7,1,17587,19:01:27
1637,3,1,15327,19:37:50
1638,10,1,25049,14:09:18
1639,10,1,25049,18:23:22
1639,1,1,320,18:49:37
1642,9,1,3662,23:24:07
1642,8,1,16864,23:42:42
1643,1,1,320,23:45:55
1644,7,1,17587,23:43:02
1645,7,1,17587,21:41:01
1646,10,1,25049,16:09:44
1646,3,1,15327,16:11:50
1646,3,1,15327,16:48:34
1646,8,1,16864,16:54:26
1647,7,1,17587,22:49:38
1648,7,1,17587,14:01:55
1648,9,1,3662,14:07:50
1648,7,1,17587,14:13:16
1648,3,1,15327,14:40:33
1650,10,1,25049,15:04:16
1650,7,1,17587,15:31:13
1650,3,1,15327,15:43:01
1650,9,1,3662,15:51:43
1651,4,1,25649,03:03:56
1651,4,1,25649,03:55:17
1652,7,1,17587,10:26:42
1652,3,1,15327,10:45:35
1653,10,1,25049,04:05:20
1653,10,1,25049,04:34:43
1653,4,1,25649,04:35:52
1655,7,1,17587,21:01:01
1655,4,1,25649,21:04:17
1655,4,1,25649,21:23:18
1656,4,1,25649,09:43:10
1657,7,1,17587,16:18:04
1658,7,1,17587,19:04:25
1658,7,1,17587,19:15:13
1658,4,1,25649,19:46:06
1658,3,1,15327,19:53:02
1659,7,1,17587,17:34:48
1661,9,1,3662,06:22:57
1661,7,1,17587,06:34:47
1662,4,1,25649,07:17:14
1662,10,1,25049,07:59:01
1663,4,1,25649,21:33:41
1666,3,1,15327,23:44:17
1667,4,1,25649,22:22:42
1669,9,1,3662,11:22:20
1669,9,1,3662,11:28:41
1670,3,1,15327,07:53:43
1671,10,1,25049,17:15:23
1671,9,1,3662,17:38:21
1672,3,1,15327,20:07:38
1675,4,1,25649,21:23:43
1675,3,1,15327,21:26:27
1676,10,1,25049,12:29:21
1676,4,1,25649,12:52:05
1677,3,1,15327,23:11:27
1677,3,1,15327,23:23:19
1678,9,1,3662,14:18:46
1678,10,1,25049,14:20:22
1680,4,1,25649,15:19:57
1681,3,1,15327,20:46:55
1681,10,1,25049,20:56:26
1682,9,1,3662,13:46:04
1683,9,1,3662,05:31:40
1685,10,1,25049,18:04:27
1688,10,1,25049,06:04:42
1689,9,1,3662,17:09:10
1690,3,1,15327,03:42:47
1691,4,1,25649,13:42:37
1695,10,1,25049,21:48:20
1696,3,1,15327,22:07:12
1697,4,1,25649,13:11:10
1697,4,1,25649,13:32:24
1697,10,1,25049,13:44:43
1697,10,1,25049,13:50:35
1698,4,1,25649,18:37:59
1698,9,1,3662,18:59:33
1702,3,1,15327,03:43:19
1702,9,1,3662,03:52:49
1703,3,1,15327,20:37:48
1704,9,1,3662,08:21:18
1704,9,1,3662,08:22:50
1704,10,1,25049,08:59:58
1709,10,1,25049,23:10:09
1709,10,1,25049,23:17:29
1709,9,1,3662,23:27:42
1710,10,1,25049,05:31:45
1710,4,1,25649,05:45:32
1712,9,1,3662,03:55:10
1714,3,1,15327,20:27:30
1716,9,1,3662,11:59:52
1718,9,1,3662,14:09:01
1718,10,1,25049,14:31:03
1719,3,1,15327,10:11:56
1719,10,1,25049,10:23:39
1719,3,1,15327,10:30:33
1720,3,1,15327,10:48:01
1722,10,1,25049,01:19:42
1722,3,1,15327,01:26:24
1722,10,1,25049,01:33:39
1723,10,1,25049,16:55:27
1725,9,1,3662,22:07:56
1725,10,1,25049,22:52:21
1726,10,1,25049,05:22:27
1729,3,1,15327,08:28:52
1733,10,1,25049,17:50:52
1734,3,1,15327,18:06:01
1735,9,1,3662,09:31:02
1736,10,1,25049,08:53:24
1741,10,1,25049,20:30:31
1742,10,1,25049,02:51:59
1750,10,1,25049,23:46:16
1753,10,1,25049,07:10:24
1758,10,1,25049,14:58:20
1760,10,1,25049,21:06:22
1760,10,1,25049,21:30:59
